{
	"id": "cb06b7de-af03-4911-bbc5-64ad9f35433f",
	"name": "NEWS",
	"description": "",
	"order": [
		"5fbc5bdf-e62e-6152-0f1e-4811190898ca",
		"13e71dfd-17bc-b06b-d643-854284e27879",
		"0841abb1-2b5f-1a07-2f86-e4eef7f446bd",
		"fae35c93-3848-1d3c-f895-8f2d242d5a61",
		"514186d9-a930-7964-5fb7-51895750abdc"
	],
	"folders": [],
	"folders_order": [],
	"timestamp": 1642926824818,
	"owner": "5984664",
	"public": false,
	"requests": [
		{
			"id": "0841abb1-2b5f-1a07-2f86-e4eef7f446bd",
			"headers": "",
			"headerData": [],
			"url": "http://localhost:8080/api/news?categoryId=7",
			"queryParams": [
				{
					"key": "categoryId",
					"value": "7",
					"equals": true,
					"description": "",
					"enabled": true
				}
			],
			"pathVariables": {},
			"pathVariableData": [],
			"preRequestScript": null,
			"method": "GET",
			"collectionId": "cb06b7de-af03-4911-bbc5-64ad9f35433f",
			"data": null,
			"dataMode": "params",
			"name": "list with filter",
			"description": "",
			"descriptionFormat": "html",
			"time": 1642927664399,
			"version": 2,
			"responses": [],
			"tests": null,
			"currentHelper": "normal",
			"helperAttributes": {}
		},
		{
			"id": "13e71dfd-17bc-b06b-d643-854284e27879",
			"headers": "",
			"headerData": [],
			"url": "http://localhost:8080/api/news/2",
			"queryParams": [],
			"preRequestScript": null,
			"pathVariables": {},
			"pathVariableData": [],
			"method": "GET",
			"data": null,
			"dataMode": "params",
			"tests": null,
			"currentHelper": "normal",
			"helperAttributes": {},
			"time": 1642927745303,
			"name": "Show",
			"description": "",
			"collectionId": "cb06b7de-af03-4911-bbc5-64ad9f35433f",
			"responses": []
		},
		{
			"id": "514186d9-a930-7964-5fb7-51895750abdc",
			"headers": "",
			"headerData": [],
			"url": "http://localhost:8080/api/news/2",
			"queryParams": [],
			"pathVariables": {},
			"pathVariableData": [],
			"preRequestScript": null,
			"method": "DELETE",
			"collectionId": "cb06b7de-af03-4911-bbc5-64ad9f35433f",
			"data": null,
			"dataMode": "params",
			"name": "delete",
			"description": "",
			"descriptionFormat": "html",
			"time": 1642927806679,
			"version": 2,
			"responses": [],
			"tests": null,
			"currentHelper": "normal",
			"helperAttributes": {}
		},
		{
			"id": "5fbc5bdf-e62e-6152-0f1e-4811190898ca",
			"headers": "Content-Type: application/json\n",
			"headerData": [
				{
					"key": "Content-Type",
					"value": "application/json",
					"description": "",
					"enabled": true
				}
			],
			"url": "http://localhost:8080/api/news",
			"queryParams": [],
			"preRequestScript": null,
			"pathVariables": {},
			"pathVariableData": [],
			"method": "POST",
			"data": [],
			"dataMode": "raw",
			"tests": null,
			"currentHelper": "normal",
			"helperAttributes": {},
			"time": 1642927266069,
			"name": "save",
			"description": "",
			"collectionId": "cb06b7de-af03-4911-bbc5-64ad9f35433f",
			"responses": [],
			"rawModeData": "{\n\t\"title\": \"Giant pristine coral reef discovered off Tahiti\",\n\t\"date\": \"2022-01-23\",\n\t\"description\": \"Marine explorers have discovered a 'pristine' 3km (2-mile) coral reef at depths of 30m (100ft) off the coast of Tahiti, French Polynesia.It is one of the largest discovered at that depth, says the United Nations Educational, Scientific and Cultural Organization, which led the mission.Dr Julian Barbiere, from Unesco, said there were probably many more of these ecosystems we just don't know about.We should be working to map them and to protect them,' he said.\",\n\t\"category\": {\n\t\t\"id\": 7,\n\t\t\"categoryName\" : \"Science\"\n\t}\n}"
		},
		{
			"id": "fae35c93-3848-1d3c-f895-8f2d242d5a61",
			"headers": "Content-Type: application/json\n",
			"headerData": [
				{
					"key": "Content-Type",
					"value": "application/json",
					"description": "",
					"enabled": true
				}
			],
			"url": "http://localhost:8080/api/news/1",
			"queryParams": [],
			"pathVariables": {},
			"pathVariableData": [],
			"preRequestScript": null,
			"method": "PUT",
			"collectionId": "cb06b7de-af03-4911-bbc5-64ad9f35433f",
			"data": [],
			"dataMode": "raw",
			"name": "update",
			"description": "",
			"descriptionFormat": "html",
			"time": 1642927779880,
			"version": 2,
			"responses": [],
			"tests": null,
			"currentHelper": "normal",
			"helperAttributes": {},
			"rawModeData": "{\n    \"id\": 2,\n    \"title\": \"Giant pristine coral reef discovered off Tahiti\",\n    \"date\": \"2022-01-23\",\n    \"description\": \"Marine explorers have discovered a 'pristine' 3km (2-mile) coral reef at depths of 30m (100ft) off the coast of Tahiti, French Polynesia.It is one of the largest discovered at that depth, says the United Nations Educational, Scientific and Cultural Organization, which led the mission.Dr Julian Barbiere, from Unesco, said there were probably many more of these ecosystems we just don't know about.We should be working to map them and to protect them,' he said.\",\n    \"category\": {\n        \"id\": 4,\n        \"categoryName\": \"Political\"\n    }\n}"
		}
	]
}